{
  "service": {
    "service": "messagesending",
    "serviceObject": {
      "name": "messagesending"
    },
    "provider": {
      "stage": "dev",
      "region": "us-east-1",
      "variableSyntax": "\\${([ ~:a-zA-Z0-9._'\",\\-\\/\\(\\)]+?)}",
      "name": "aws",
      "runtime": "nodejs6.10",
      "credentials": {
        "accessKeyId": "AKIAIT5BSX47IKT6BC4Q",
        "secretAccessKey": "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"
      },
      "iamRoleStatements": [
        {
          "Effect": "Allow",
          "Action": [
            "s3:*"
          ],
          "Resource": "*"
        }
      ],
      "environment": {
        "TWILIO_ACCOUNT_SID": "AC16d0f67542aa0058b3b016afef632a62",
        "TWILIO_AUTH_TOKEN": "8951a2b2fa30a3e49bb2e12ac5117cee",
        "TWILIO_PHONE_NUMBER": "+17787601431"
      },
      "versionFunctions": true,
      "remoteFunctionData": null,
      "compiledCloudFormationTemplate": {
        "AWSTemplateFormatVersion": "2010-09-09",
        "Description": "The AWS CloudFormation template for this Serverless application",
        "Resources": {
          "ServerlessDeploymentBucket": {
            "Type": "AWS::S3::Bucket"
          },
          "SendTextLogGroup": {
            "Type": "AWS::Logs::LogGroup",
            "Properties": {
              "LogGroupName": "/aws/lambda/messagesending-dev-sendText"
            }
          },
          "IamRoleLambdaExecution": {
            "Type": "AWS::IAM::Role",
            "Properties": {
              "AssumeRolePolicyDocument": {
                "Version": "2012-10-17",
                "Statement": [
                  {
                    "Effect": "Allow",
                    "Principal": {
                      "Service": [
                        "lambda.amazonaws.com"
                      ]
                    },
                    "Action": [
                      "sts:AssumeRole"
                    ]
                  }
                ]
              },
              "Policies": [
                {
                  "PolicyName": {
                    "Fn::Join": [
                      "-",
                      [
                        "dev",
                        "messagesending",
                        "lambda"
                      ]
                    ]
                  },
                  "PolicyDocument": {
                    "Version": "2012-10-17",
                    "Statement": [
                      {
                        "Effect": "Allow",
                        "Action": [
                          "logs:CreateLogStream"
                        ],
                        "Resource": [
                          {
                            "Fn::Sub": "arn:aws:logs:${AWS::Region}:${AWS::AccountId}:log-group:/aws/lambda/messagesending-dev-sendText:*"
                          }
                        ]
                      },
                      {
                        "Effect": "Allow",
                        "Action": [
                          "logs:PutLogEvents"
                        ],
                        "Resource": [
                          {
                            "Fn::Sub": "arn:aws:logs:${AWS::Region}:${AWS::AccountId}:log-group:/aws/lambda/messagesending-dev-sendText:*:*"
                          }
                        ]
                      },
                      {
                        "Effect": "Allow",
                        "Action": [
                          "s3:*"
                        ],
                        "Resource": "*"
                      }
                    ]
                  }
                }
              ],
              "Path": "/",
              "RoleName": {
                "Fn::Join": [
                  "-",
                  [
                    "messagesending",
                    "dev",
                    "us-east-1",
                    "lambdaRole"
                  ]
                ]
              }
            }
          },
          "SendTextLambdaFunction": {
            "Type": "AWS::Lambda::Function",
            "Properties": {
              "Code": {
                "S3Bucket": {
                  "Ref": "ServerlessDeploymentBucket"
                },
                "S3Key": "serverless/messagesending/dev/1512676807588-2017-12-07T20:00:07.588Z/messagesending.zip"
              },
              "FunctionName": "messagesending-dev-sendText",
              "Handler": "handler.sendText",
              "MemorySize": 1024,
              "Role": {
                "Fn::GetAtt": [
                  "IamRoleLambdaExecution",
                  "Arn"
                ]
              },
              "Runtime": "nodejs6.10",
              "Timeout": 6,
              "Environment": {
                "Variables": {
                  "TWILIO_ACCOUNT_SID": "AC16d0f67542aa0058b3b016afef632a62",
                  "TWILIO_AUTH_TOKEN": "8951a2b2fa30a3e49bb2e12ac5117cee",
                  "TWILIO_PHONE_NUMBER": "+17787601431"
                }
              }
            },
            "DependsOn": [
              "SendTextLogGroup",
              "IamRoleLambdaExecution"
            ]
          },
          "SendTextLambdaVersioncg0AxGlG5Ogb1kVeW1rcf2DPqocqC6CeMG4OI8Sg": {
            "Type": "AWS::Lambda::Version",
            "DeletionPolicy": "Retain",
            "Properties": {
              "FunctionName": {
                "Ref": "SendTextLambdaFunction"
              },
              "CodeSha256": "cg0AxGlG5Ogb1/kVeW1rcf2DPqocq+C6+CeMG4OI8Sg="
            }
          },
          "S3BucketMessagesend": {
            "Type": "AWS::S3::Bucket",
            "Properties": {
              "BucketName": "messagesend",
              "NotificationConfiguration": {
                "LambdaConfigurations": [
                  {
                    "Event": "s3:ObjectCreated:*",
                    "Function": {
                      "Fn::GetAtt": [
                        "SendTextLambdaFunction",
                        "Arn"
                      ]
                    },
                    "Filter": {
                      "S3Key": {
                        "Rules": [
                          {
                            "Name": "suffix",
                            "Value": ".jpg"
                          }
                        ]
                      }
                    }
                  }
                ]
              }
            },
            "DependsOn": [
              "SendTextLambdaPermissionMessagesendS3"
            ]
          },
          "SendTextLambdaPermissionMessagesendS3": {
            "Type": "AWS::Lambda::Permission",
            "Properties": {
              "FunctionName": {
                "Fn::GetAtt": [
                  "SendTextLambdaFunction",
                  "Arn"
                ]
              },
              "Action": "lambda:InvokeFunction",
              "Principal": "s3.amazonaws.com",
              "SourceArn": {
                "Fn::Join": [
                  "",
                  [
                    "arn:aws:s3:::messagesend"
                  ]
                ]
              }
            }
          }
        },
        "Outputs": {
          "ServerlessDeploymentBucketName": {
            "Value": {
              "Ref": "ServerlessDeploymentBucket"
            }
          },
          "SendTextLambdaFunctionQualifiedArn": {
            "Description": "Current Lambda function version",
            "Value": {
              "Ref": "SendTextLambdaVersioncg0AxGlG5Ogb1kVeW1rcf2DPqocqC6CeMG4OI8Sg"
            }
          }
        }
      },
      "coreCloudFormationTemplate": {
        "AWSTemplateFormatVersion": "2010-09-09",
        "Description": "The AWS CloudFormation template for this Serverless application",
        "Resources": {
          "ServerlessDeploymentBucket": {
            "Type": "AWS::S3::Bucket"
          }
        },
        "Outputs": {
          "ServerlessDeploymentBucketName": {
            "Value": {
              "Ref": "ServerlessDeploymentBucket"
            }
          }
        }
      },
      "vpc": {}
    },
    "custom": {
      "bucket": "messagesend"
    },
    "functions": {
      "sendText": {
        "handler": "handler.sendText",
        "events": [
          {
            "s3": {
              "bucket": "messagesend",
              "event": "s3:ObjectCreated:*",
              "rules": [
                {
                  "suffix": ".jpg"
                }
              ]
            }
          }
        ],
        "name": "messagesending-dev-sendText",
        "package": {},
        "vpc": {}
      }
    },
    "artifact": "C:\\Users\\Kulwinder\\Desktop\\Twilliomessage\\messagesending\\.serverless\\messagesending.zip"
  },
  "package": {
    "artifactDirectoryName": "serverless/messagesending/dev/1512676807588-2017-12-07T20:00:07.588Z",
    "artifact": "messagesending.zip"
  }
}